agent,device_type,count
agl-home-ebea2,action.devices.types.LIGHT,47
agl-home-ebea2,action.devices.types.SENSOR,25
agl-home-ebea2,action.devices.types.DOOR,14
agl-home-ebea2,action.devices.types.SECURITYSYSTEM,4
agl-home-ebea2,action.devices.types.CAMERA,2
agl-home-ebea2,action.devices.types.AC_UNIT,1
agl-home-ebea2,action.devices.types.TV,1
ai-smart-home-50566,action.devices.types.SWITCH,94
ai-smart-home-50566,action.devices.types.SENSOR,8
ai-smart-home-50566,action.devices.types.CAMERA,6
ai-smart-home-50566,action.devices.types.HUMIDIFIER,6
ai-smart-home-50566,action.devices.types.AC_UNIT,6
ai-smart-home-50566,action.devices.types.BLINDS,5
ai-smart-home-50566,action.devices.types.VACUUM,3
ai-smart-home-50566,action.devices.types.TV,3
ai-smart-home-50566,action.devices.types.AIRPURIFIER,2
alecoair-smart,action.devices.types.AC_UNIT,3
alecoair-smart,action.devices.types.TV,1
aspenhome-919d6,action.devices.types.OUTLET,4
aspenhome-919d6,action.devices.types.LIGHT,1
atlantic-energy,action.devices.types.CAMERA,91
atlantic-energy,action.devices.types.AC_UNIT,3
atlantis-smart-a0789,action.devices.types.CAMERA,1
avatar-controls,action.devices.types.SWITCH,288
avatar-controls,action.devices.types.BLINDS,10
avatar-controls,action.devices.types.SENSOR,8
avatar-controls,action.devices.types.AC_UNIT,5
avatar-controls,action.devices.types.TV,3
avatar-controls,action.devices.types.CAMERA,2
avatar-controls,action.devices.types.HUMIDIFIER,1
azura-aus,action.devices.types.BLINDS,32
azura-aus,action.devices.types.OUTLET,29
azura-aus,action.devices.types.AC_UNIT,9
azura-aus,action.devices.types.SECURITYSYSTEM,9
azura-aus,action.devices.types.SENSOR,8
azura-aus,action.devices.types.AIRPURIFIER,6
azura-aus,action.devices.types.CAMERA,3
azura-aus,action.devices.types.VACUUM,3
azura-aus,action.devices.types.FAN,3
azura-aus,action.devices.types.TV,1
bardi-smart-home,action.devices.types.OUTLET,9988
bardi-smart-home,action.devices.types.TV,4130
bardi-smart-home,action.devices.types.AC_UNIT,3639
bardi-smart-home,action.devices.types.FAN,291
bardi-smart-home,action.devices.types.SENSOR,153
bardi-smart-home,action.devices.types.VACUUM,69
bardi-smart-home,action.devices.types.AIRPURIFIER,50
bardi-smart-home,action.devices.types.SECURITYSYSTEM,29
bardi-smart-home,action.devices.types.CAMERA,27
bardi-smart-home,action.devices.types.BLINDS,8
bardi-smart-home,action.devices.types.THERMOSTAT,2
blue-star-d3b03,action.devices.types.OUTLET,8
blue-star-d3b03,action.devices.types.LIGHT,7
blue-star-d3b03,action.devices.types.SWITCH,4
brennenstuhl-connect,action.devices.types.SWITCH,20
brennenstuhl-connect,action.devices.types.SENSOR,7
brennenstuhl-connect,action.devices.types.THERMOSTAT,6
brennenstuhl-connect,action.devices.types.AC_UNIT,1
brilliance-smart-ade31,action.devices.types.OUTLET,330
brilliance-smart-ade31,action.devices.types.SWITCH,21
brilliance-smart-ade31,action.devices.types.FAN,8
brilliance-smart-ade31,action.devices.types.SENSOR,5
brilliance-smart-ade31,action.devices.types.TV,4
brilliance-smart-ade31,action.devices.types.AC_UNIT,3
brilliance-smart-ade31,action.devices.types.CAMERA,1
brilliance-smart-ade31,action.devices.types.THERMOSTAT,1
brookstone-smart,action.devices.types.LIGHT,824
brookstone-smart,action.devices.types.SWITCH,250
brookstone-smart,action.devices.types.TV,23
brookstone-smart,action.devices.types.CAMERA,2
brookstone-smart,action.devices.types.AC_UNIT,1
calex-smart-80889,action.devices.types.OUTLET,1239
calex-smart-80889,action.devices.types.SENSOR,25
calex-smart-80889,action.devices.types.BLINDS,5
calex-smart-80889,action.devices.types.HEATER,3
calex-smart-80889,action.devices.types.CAMERA,1
calex-smart-80889,action.devices.types.AC_UNIT,1
calex-smart-80889,action.devices.types.SECURITYSYSTEM,1
cherry-home-264f3,action.devices.types.TV,9
cherry-home-264f3,action.devices.types.AC_UNIT,3
cherry-home-264f3,action.devices.types.FAN,3
cherry-home-264f3,action.devices.types.CURTAIN,1
cocoon-230705,action.devices.types.LIGHT,7003
cocoon-230705,action.devices.types.SENSOR,776
cocoon-230705,action.devices.types.CAMERA,537
cocoon-230705,action.devices.types.SWITCH,6
cocoon-230705,action.devices.types.AC_UNIT,4
cocoon-230705,action.devices.types.TV,3
cocoon-230705,action.devices.types.FAN,2
cocoon-230705,action.devices.types.HEATER,1
cocoon-230705,action.devices.types.AIRPURIFIER,1
conalux-wifi-f4650,action.devices.types.BLINDS,4
conalux-wifi-f4650,action.devices.types.CAMERA,2
conectoz-smart,action.devices.types.OUTLET,11
conectoz-smart,action.devices.types.AC_UNIT,2
conectoz-smart,action.devices.types.TV,1
conectoz-smart,action.devices.types.CAMERA,1
cree-lighting-5efed,action.devices.types.OUTLET,16
crescent-smart-dac46,action.devices.types.AC_UNIT,7
crescent-smart-dac46,action.devices.types.FAN,2
crescent-smart-dac46,action.devices.types.OUTLET,1
cross-smart-c86ee,action.devices.types.SWITCH,168
cross-smart-c86ee,action.devices.types.AC_UNIT,11
cross-smart-c86ee,action.devices.types.TV,9
cross-smart-c86ee,action.devices.types.FAN,6
cross-smart-c86ee,action.devices.types.LIGHT,4
cross-smart-c86ee,action.devices.types.THERMOSTAT,1
cross-smart-c86ee,action.devices.types.AIRPURIFIER,1
daewoo-home-connect,action.devices.types.OUTLET,1
dals-connect-82a6f,action.devices.types.OUTLET,56
dals-connect-82a6f,action.devices.types.SWITCH,6
dals-connect-82a6f,action.devices.types.AC_UNIT,3
dals-connect-82a6f,action.devices.types.TV,2
dals-connect-82a6f,action.devices.types.CAMERA,1
dals-connect-82a6f,action.devices.types.HUMIDIFIER,1
dals-connect-82a6f,action.devices.types.THERMOSTAT,1
deltaco-smart-home-8d066,action.devices.types.LIGHT,7112
deltaco-smart-home-8d066,action.devices.types.CAMERA,416
deltaco-smart-home-8d066,action.devices.types.AC_UNIT,51
deltaco-smart-home-8d066,action.devices.types.FAN,46
deltaco-smart-home-8d066,action.devices.types.SWITCH,38
deltaco-smart-home-8d066,action.devices.types.SENSOR,20
deltaco-smart-home-8d066,action.devices.types.TV,12
deltaco-smart-home-8d066,action.devices.types.THERMOSTAT,7
deltaco-smart-home-8d066,action.devices.types.BLINDS,3
deltaco-smart-home-8d066,action.devices.types.VACUUM,1
deltaco-smart-home-8d066,action.devices.types.HEATER,1
deltaco-smart-home-8d066,action.devices.types.CURTAIN,1
deltaco-smart-home-8d066,action.devices.types.AIRPURIFIER,1
dots-action,action.devices.types.SWITCH,5
dots-action,action.devices.types.TV,1
dots-action,action.devices.types.THERMOSTAT,1
dots-action,action.devices.types.DEHUMIDIFIER,1
duux-8d07e,action.devices.types.FAN,2066
duux-8d07e,action.devices.types.AC_UNIT,398
duux-8d07e,action.devices.types.HUMIDIFIER,175
duux-8d07e,action.devices.types.LIGHT,73
duux-8d07e,action.devices.types.AIRPURIFIER,32
duux-8d07e,action.devices.types.SENSOR,2
dynasty-fireplaces,action.devices.types.SWITCH,1
e-code-home-837c7,action.devices.types.TV,1
e-code-home-837c7,action.devices.types.AC_UNIT,1
easy4home-91018,action.devices.types.SWITCH,4
easy4home-91018,action.devices.types.TV,4
easy4home-91018,action.devices.types.OUTLET,1
easy4home-91018,action.devices.types.AC_UNIT,1
eco4life-5e88d,action.devices.types.CAMERA,297
eco4life-5e88d,action.devices.types.SWITCH,194
eco4life-5e88d,action.devices.types.BLINDS,8
eco4life-5e88d,action.devices.types.TV,7
eco4life-5e88d,action.devices.types.SENSOR,5
eco4life-5e88d,action.devices.types.THERMOSTAT,5
eco4life-5e88d,action.devices.types.FAN,2
eco4life-5e88d,action.devices.types.VACUUM,2
eco4life-5e88d,action.devices.types.AC_UNIT,2
eco4life-5e88d,action.devices.types.AIRPURIFIER,2
edismart-pro-tuya,action.devices.types.LIGHT,10
edismart-pro-tuya,action.devices.types.SWITCH,4
edismart-pro-tuya,action.devices.types.BLINDS,4
elari-smarthome-aab1d,action.devices.types.TV,61
elari-smarthome-aab1d,action.devices.types.AC_UNIT,25
elari-smarthome-aab1d,action.devices.types.FAN,8
elari-smarthome-aab1d,action.devices.types.SECURITYSYSTEM,4
elari-smarthome-aab1d,action.devices.types.AIRPURIFIER,2
elari-smarthome-aab1d,action.devices.types.THERMOSTAT,1
elko-smart,action.devices.types.THERMOSTAT,11
emerson-wifi-ceiling-fan-d8f19,action.devices.types.AC_UNIT,11
emerson-wifi-ceiling-fan-d8f19,action.devices.types.OUTLET,9
emerson-wifi-ceiling-fan-d8f19,action.devices.types.LIGHT,4
enbrighten-8be04,action.devices.types.OUTLET,31
enbrighten-8be04,action.devices.types.SWITCH,3
ewisehome-c581e,action.devices.types.DOOR,47
ewisehome-c581e,action.devices.types.OUTLET,13
ewisehome-c581e,action.devices.types.SWITCH,11
ewisehome-c581e,action.devices.types.TV,2
ewisehome-c581e,action.devices.types.AC_UNIT,1
ezykam,action.devices.types.OUTLET,9
ezykam,action.devices.types.CAMERA,4
feel-s,action.devices.types.LIGHT,22
feel-s,action.devices.types.CAMERA,19
feel-s,action.devices.types.OUTLET,10
feel-s,action.devices.types.SENSOR,8
feel-s,action.devices.types.AC_UNIT,5
feel-s,action.devices.types.SECURITYSYSTEM,4
feel-s,action.devices.types.TV,4
feel-s,action.devices.types.AIRPURIFIER,2
feit-6ab87,action.devices.types.SWITCH,1010
feit-6ab87,action.devices.types.AC_UNIT,165
feit-6ab87,action.devices.types.CAMERA,144
feit-6ab87,action.devices.types.VACUUM,21
feit-6ab87,action.devices.types.FAN,16
feit-6ab87,action.devices.types.AIRPURIFIER,13
feit-6ab87,action.devices.types.SENSOR,13
feit-6ab87,action.devices.types.HEATER,9
feit-6ab87,action.devices.types.TV,8
feit-6ab87,action.devices.types.OVEN,5
feit-6ab87,action.devices.types.THERMOSTAT,5
feit-6ab87,action.devices.types.HUMIDIFIER,4
feit-6ab87,action.devices.types.BLINDS,3
feit-6ab87,action.devices.types.DOOR,3
feit-6ab87,action.devices.types.COFFEE_MAKER,1
fofu-fofu,action.devices.types.OUTLET,39
fofu-fofu,action.devices.types.SECURITYSYSTEM,17
fofu-fofu,action.devices.types.SENSOR,11
fofu-fofu,action.devices.types.TV,6
fofu-fofu,action.devices.types.HUMIDIFIER,6
fofu-fofu,action.devices.types.BLINDS,3
fofu-fofu,action.devices.types.AC_UNIT,3
friendship-lamp-a3f56,action.devices.types.LIGHT,173
friendship-lamp-a3f56,action.devices.types.SWITCH,3
friendship-lamp-a3f56,action.devices.types.BLINDS,1
friendship-lamp-a3f56,action.devices.types.CURTAIN,1
globe-suite,action.devices.types.SWITCH,1456
globe-suite,action.devices.types.CAMERA,267
globe-suite,action.devices.types.SENSOR,256
globe-suite,action.devices.types.AC_UNIT,28
globe-suite,action.devices.types.FAN,17
globe-suite,action.devices.types.HEATER,15
globe-suite,action.devices.types.TV,14
globe-suite,action.devices.types.AIRPURIFIER,8
globe-suite,action.devices.types.THERMOSTAT,5
globe-suite,action.devices.types.BLINDS,4
globe-suite,action.devices.types.VACUUM,2
globe-suite,action.devices.types.HUMIDIFIER,2
globe-suite,action.devices.types.SECURITYSYSTEM,2
globe-suite,action.devices.types.DOOR,1
globe-suite,action.devices.types.CURTAIN,1
goman-b5f75,action.devices.types.SWITCH,381
goman-b5f75,action.devices.types.SECURITYSYSTEM,24
goman-b5f75,action.devices.types.AC_UNIT,18
goman-b5f75,action.devices.types.FAN,13
goman-b5f75,action.devices.types.HEATER,9
goman-b5f75,action.devices.types.TV,8
goman-b5f75,action.devices.types.BLINDS,8
goman-b5f75,action.devices.types.HUMIDIFIER,7
goman-b5f75,action.devices.types.SENSOR,6
goman-b5f75,action.devices.types.VALVE,5
goman-b5f75,action.devices.types.VACUUM,5
goman-b5f75,action.devices.types.CURTAIN,3
goman-b5f75,action.devices.types.COFFEE_MAKER,3
goman-b5f75,action.devices.types.DEHUMIDIFIER,3
goman-b5f75,action.devices.types.AIRPURIFIER,2
gwlink-be4a5,action.devices.types.TV,7
gwlink-be4a5,action.devices.types.LIGHT,6
gwlink-be4a5,action.devices.types.AC_UNIT,6
gwlink-be4a5,action.devices.types.BLINDS,4
gwlink-be4a5,action.devices.types.CAMERA,2
gwlink-be4a5,action.devices.types.SECURITYSYSTEM,2
gwlink-be4a5,action.devices.types.SENSOR,1
gwlink-be4a5,action.devices.types.AIRPURIFIER,1
gwlink-be4a5,action.devices.types.DEHUMIDIFIER,1
handyman-smart-mirror,action.devices.types.AC_UNIT,22
handyman-smart-mirror,action.devices.types.SENSOR,19
handyman-smart-mirror,action.devices.types.TV,14
handyman-smart-mirror,action.devices.types.LIGHT,9
handyman-smart-mirror,action.devices.types.VACUUM,3
handyman-smart-mirror,action.devices.types.FAN,3
handyman-smart-mirror,action.devices.types.CAMERA,1
havells-digitap,action.devices.types.AIRPURIFIER,6
havells-digitap,action.devices.types.TV,2
hey-t2q,action.devices.types.SENSOR,16
hey-t2q,action.devices.types.OUTLET,15
hey-t2q,action.devices.types.CAMERA,12
hey-t2q,action.devices.types.FAN,10
hey-t2q,action.devices.types.TV,10
hey-t2q,action.devices.types.SECURITYSYSTEM,9
hey-t2q,action.devices.types.AC_UNIT,6
hey-t2q,action.devices.types.CURTAIN,2
hey-t2q,action.devices.types.BLINDS,1
heysmart-98d43,action.devices.types.CAMERA,649
heysmart-98d43,action.devices.types.TV,17
heysmart-98d43,action.devices.types.FAN,2
heysmart-98d43,action.devices.types.SENSOR,2
heysmart-98d43,action.devices.types.VACUUM,1
heysmart-98d43,action.devices.types.AIRPURIFIER,1
hi-by-geonav-f8766,action.devices.types.TV,410
hi-by-geonav-f8766,action.devices.types.OUTLET,143
hi-by-geonav-f8766,action.devices.types.SENSOR,56
hi-by-geonav-f8766,action.devices.types.CAMERA,35
hi-by-geonav-f8766,action.devices.types.FAN,8
hi-smart-63c6a,action.devices.types.OUTLET,35
hi-smart-63c6a,action.devices.types.TV,9
hi-smart-63c6a,action.devices.types.AC_UNIT,1
hihome-45a48,action.devices.types.CAMERA,124
hihome-45a48,action.devices.types.SWITCH,59
hihome-45a48,action.devices.types.SENSOR,26
hihome-45a48,action.devices.types.THERMOSTAT,15
hihome-45a48,action.devices.types.SECURITYSYSTEM,6
hihome-45a48,action.devices.types.AC_UNIT,4
hihome-45a48,action.devices.types.HEATER,4
hihome-45a48,action.devices.types.TV,3
hihome-45a48,action.devices.types.FAN,3
hihome-45a48,action.devices.types.BLINDS,2
hihome-45a48,action.devices.types.DOOR,1
hihome-45a48,action.devices.types.HUMIDIFIER,1
hihome-45a48,action.devices.types.AIRPURIFIER,1
hiview-iot,action.devices.types.OUTLET,77
hiview-iot,action.devices.types.SENSOR,63
hiview-iot,action.devices.types.TV,32
hiview-iot,action.devices.types.AC_UNIT,24
hiview-iot,action.devices.types.LIGHT,20
hiview-iot,action.devices.types.BLINDS,10
hiview-iot,action.devices.types.CAMERA,6
hiview-iot,action.devices.types.AIRPURIFIER,6
hiview-iot,action.devices.types.SECURITYSYSTEM,5
hiview-iot,action.devices.types.FAN,3
hiview-iot,action.devices.types.HEATER,1
holman-home,action.devices.types.SWITCH,19
holman-home,action.devices.types.OUTLET,16
holman-home,action.devices.types.HEATER,3
holman-home,action.devices.types.FAN,1
holman-home,action.devices.types.AC_UNIT,1
holman-home,action.devices.types.THERMOSTAT,1
hombli,action.devices.types.OUTLET,1244
hombli,action.devices.types.CAMERA,314
hombli,action.devices.types.TV,239
hombli,action.devices.types.AC_UNIT,39
hombli,action.devices.types.FAN,33
hombli,action.devices.types.SENSOR,13
hombli,action.devices.types.SECURITYSYSTEM,9
hombli,action.devices.types.AIRPURIFIER,3
hombli,action.devices.types.BLINDS,3
hombli,action.devices.types.DOOR,1
home-zone-smart,action.devices.types.CAMERA,17
home-zone-smart,action.devices.types.TV,4
home-zone-smart,action.devices.types.AC_UNIT,2
homeauto-3d9ed,action.devices.types.SECURITYSYSTEM,59
homeauto-3d9ed,action.devices.types.AC_UNIT,46
homeauto-3d9ed,action.devices.types.BLINDS,44
homeauto-3d9ed,action.devices.types.LIGHT,37
homeauto-3d9ed,action.devices.types.OUTLET,32
homeauto-3d9ed,action.devices.types.CAMERA,29
homeauto-3d9ed,action.devices.types.TV,24
homeauto-3d9ed,action.devices.types.SENSOR,20
homeauto-3d9ed,action.devices.types.FAN,12
homeauto-3d9ed,action.devices.types.AIRPURIFIER,1
homeylux-bbd94,action.devices.types.BLINDS,4
homeylux-bbd94,action.devices.types.OUTLET,2
homeylux-bbd94,action.devices.types.FAN,1
homeylux-bbd94,action.devices.types.VACUUM,1
honeywell-f52f1,action.devices.types.AIRPURIFIER,153
honeywell-f52f1,action.devices.types.OUTLET,23
honeywell-f52f1,action.devices.types.LIGHT,21
honeywell-f52f1,action.devices.types.THERMOSTAT,3
honeywell-f52f1,action.devices.types.AC_UNIT,2
honeywell-f52f1,action.devices.types.CAMERA,1
honeywell-f52f1,action.devices.types.HEATER,1
hypersmart-a92c5,action.devices.types.SWITCH,3
hypersmart-a92c5,action.devices.types.AC_UNIT,1
hypersmart-a92c5,action.devices.types.THERMOSTAT,1
hypersmart-a92c5,action.devices.types.DOOR,1
hzconnect-5d5cc,action.devices.types.CAMERA,131
hzconnect-5d5cc,action.devices.types.OUTLET,1
i2go-home-27af8,action.devices.types.TV,273
i2go-home-27af8,action.devices.types.AC_UNIT,90
i2go-home-27af8,action.devices.types.OUTLET,69
i2go-home-27af8,action.devices.types.SWITCH,38
i2go-home-27af8,action.devices.types.FAN,18
i2go-home-27af8,action.devices.types.CAMERA,2
ibright-smart,action.devices.types.OUTLET,7
icon-link-b001a,action.devices.types.OUTLET,10
icon-link-b001a,action.devices.types.TV,1
icon-link-b001a,action.devices.types.CAMERA,1
icon-link-b001a,action.devices.types.AC_UNIT,1
ihitek-f6fc4,action.devices.types.CAMERA,1
ihitek-f6fc4,action.devices.types.OUTLET,1
ihitek-f6fc4,action.devices.types.AC_UNIT,1
ihome-50ada,action.devices.types.SENSOR,15
ihome-50ada,action.devices.types.LIGHT,12
ihome-50ada,action.devices.types.AC_UNIT,7
ihome-50ada,action.devices.types.TV,6
ihome-50ada,action.devices.types.FAN,5
ihome-50ada,action.devices.types.BLINDS,2
ihome-50ada,action.devices.types.CAMERA,1
ikuu-b427a,action.devices.types.SWITCH,31
ikuu-b427a,action.devices.types.AC_UNIT,2
ikuu-b427a,action.devices.types.CAMERA,1
ikuu-b427a,action.devices.types.HEATER,1
ikuu-b427a,action.devices.types.SENSOR,1
immax-neo-pro,action.devices.types.OUTLET,36
immax-neo-pro,action.devices.types.CAMERA,23
immax-neo-pro,action.devices.types.SENSOR,12
immax-neo-pro,action.devices.types.SWITCH,9
immax-neo-pro,action.devices.types.AC_UNIT,6
immax-neo-pro,action.devices.types.SECURITYSYSTEM,4
immax-neo-pro,action.devices.types.TV,3
immax-neo-pro,action.devices.types.THERMOSTAT,2
immax-neo-pro,action.devices.types.HUMIDIFIER,1
immax-neo-pro,action.devices.types.FAN,1
imt-home-bd61a,action.devices.types.SWITCH,347
imt-home-bd61a,action.devices.types.CAMERA,54
imt-home-bd61a,action.devices.types.SENSOR,53
imt-home-bd61a,action.devices.types.SECURITYSYSTEM,49
imt-home-bd61a,action.devices.types.AC_UNIT,47
imt-home-bd61a,action.devices.types.LIGHT,44
imt-home-bd61a,action.devices.types.BLINDS,27
imt-home-bd61a,action.devices.types.TV,11
imt-home-bd61a,action.devices.types.VACUUM,10
imt-home-bd61a,action.devices.types.FAN,7
imt-home-bd61a,action.devices.types.HUMIDIFIER,3
imt-home-bd61a,action.devices.types.CURTAIN,2
inasmart-8e115,action.devices.types.LIGHT,4
inasmart-8e115,action.devices.types.CAMERA,2
inasmart-8e115,action.devices.types.OUTLET,1
inasmart-8e115,action.devices.types.AC_UNIT,1
iosmartlife,action.devices.types.SWITCH,16
iosmartlife,action.devices.types.OUTLET,8
iosmartlife,action.devices.types.AC_UNIT,6
iosmartlife,action.devices.types.TV,2
isparkle-c3dc6,action.devices.types.OUTLET,5
izy-smart-64362,action.devices.types.OUTLET,33
izy-smart-64362,action.devices.types.TV,31
izy-smart-64362,action.devices.types.AC_UNIT,11
izy-smart-64362,action.devices.types.CAMERA,6
izy-smart-64362,action.devices.types.FAN,1
izy-smart-64362,action.devices.types.THERMOSTAT,1
jaquar-lighting,action.devices.types.OUTLET,10
jaquar-lighting,action.devices.types.CAMERA,2
jaquar-lighting,action.devices.types.SWITCH,1
jarton-home-41a08,action.devices.types.SWITCH,129
jarton-home-41a08,action.devices.types.AC_UNIT,20
jarton-home-41a08,action.devices.types.TV,14
jarton-home-41a08,action.devices.types.CAMERA,3
jarton-home-41a08,action.devices.types.VACUUM,2
jarton-home-41a08,action.devices.types.AIRPURIFIER,2
jarton-home-41a08,action.devices.types.LIGHT,1
jarton-home-41a08,action.devices.types.BLINDS,1
jarton-home-41a08,action.devices.types.FAN,1
jarton-home-41a08,action.devices.types.SECURITYSYSTEM,1
jetstream-home-c208c,action.devices.types.LIGHT,3835
jetstream-home-c208c,action.devices.types.CAMERA,2
jetstream-home-c208c,action.devices.types.AC_UNIT,2
jetstream-home-c208c,action.devices.types.TV,1
jetstream-home-c208c,action.devices.types.HEATER,1
jetstream-home-c208c,action.devices.types.COFFEE_MAKER,1
jinvoo-smart,action.devices.types.SWITCH,13596
jinvoo-smart,action.devices.types.BLINDS,2852
jinvoo-smart,action.devices.types.TV,183
jinvoo-smart,action.devices.types.AC_UNIT,177
jinvoo-smart,action.devices.types.FAN,75
jinvoo-smart,action.devices.types.SENSOR,65
jinvoo-smart,action.devices.types.THERMOSTAT,44
jinvoo-smart,action.devices.types.CAMERA,41
jinvoo-smart,action.devices.types.CURTAIN,40
jinvoo-smart,action.devices.types.HUMIDIFIER,10
jinvoo-smart,action.devices.types.AIRPURIFIER,9
jinvoo-smart,action.devices.types.VACUUM,7
jinvoo-smart,action.devices.types.HEATER,5
jinvoo-smart,action.devices.types.SECURITYSYSTEM,4
jinvoo-smart,action.devices.types.DOOR,3
jinvoo-smart,action.devices.types.COFFEE_MAKER,1
kabum-smart-4a599,action.devices.types.TV,221
kabum-smart-4a599,action.devices.types.AC_UNIT,87
kabum-smart-4a599,action.devices.types.FAN,12
kabum-smart-4a599,action.devices.types.CAMERA,2
kabum-smart-4a599,action.devices.types.BLINDS,1
keeper-life-b529e,action.devices.types.SENSOR,1
kelvinator-connect-to-comfort,action.devices.types.LIGHT,2
kenmore-smart-robot-vacuum,action.devices.types.OUTLET,5
kensmart-f4c0e,action.devices.types.LIGHT,1
kmc-smart-229508,action.devices.types.LIGHT,343
kmc-smart-229508,action.devices.types.SWITCH,139
kmc-smart-229508,action.devices.types.CAMERA,8
kmc-smart-229508,action.devices.types.AC_UNIT,6
kmc-smart-229508,action.devices.types.FAN,4
kmc-smart-229508,action.devices.types.VACUUM,3
kmc-smart-229508,action.devices.types.TV,1
koble-smart-home-c38d0,action.devices.types.OUTLET,36
koble-smart-home-c38d0,action.devices.types.AC_UNIT,35
koble-smart-home-c38d0,action.devices.types.SECURITYSYSTEM,14
koble-smart-home-c38d0,action.devices.types.TV,10
koble-smart-home-c38d0,action.devices.types.CAMERA,8
koble-smart-home-c38d0,action.devices.types.BLINDS,6
koble-smart-home-c38d0,action.devices.types.FAN,5
koble-smart-home-c38d0,action.devices.types.VACUUM,4
koble-smart-home-c38d0,action.devices.types.SENSOR,3
koble-smart-home-c38d0,action.devices.types.AIRPURIFIER,1
konyks-92c13,action.devices.types.BLINDS,511
konyks-92c13,action.devices.types.SENSOR,479
konyks-92c13,action.devices.types.CURTAIN,150
konyks-92c13,action.devices.types.SWITCH,93
konyks-92c13,action.devices.types.CAMERA,13
konyks-92c13,action.devices.types.TV,5
konyks-92c13,action.devices.types.AC_UNIT,4
konyks-92c13,action.devices.types.THERMOSTAT,4
konyks-92c13,action.devices.types.HEATER,2
konyks-92c13,action.devices.types.DEHUMIDIFIER,1
lasco-home,action.devices.types.LIGHT,2304
lasco-home,action.devices.types.TV,759
lasco-home,action.devices.types.AC_UNIT,604
lasco-home,action.devices.types.SWITCH,600
lasco-home,action.devices.types.FAN,90
lasco-home,action.devices.types.AIRPURIFIER,42
lasco-home,action.devices.types.SENSOR,22
lasco-home,action.devices.types.CAMERA,6
lasco-home,action.devices.types.CURTAIN,3
lasco-home,action.devices.types.SECURITYSYSTEM,2
lasco-home,action.devices.types.BLINDS,1
lasco-home,action.devices.types.VACUUM,1
lasco-home,action.devices.types.THERMOSTAT,1
laview-smart,action.devices.types.CAMERA,302
laview-smart,action.devices.types.OUTLET,74
laview-smart,action.devices.types.SWITCH,30
laview-smart,action.devices.types.SENSOR,3
lenovo-link-pro-889d6,action.devices.types.OUTLET,2745
lenovo-link-pro-889d6,action.devices.types.CAMERA,1205
lenovo-link-pro-889d6,action.devices.types.TV,652
lenovo-link-pro-889d6,action.devices.types.AC_UNIT,484
lenovo-link-pro-889d6,action.devices.types.SWITCH,310
lenovo-link-pro-889d6,action.devices.types.SENSOR,144
lenovo-link-pro-889d6,action.devices.types.FAN,45
lenovo-link-pro-889d6,action.devices.types.AIRPURIFIER,9
lenovo-link-pro-889d6,action.devices.types.DOOR,2
lenovo-link-pro-889d6,action.devices.types.VACUUM,1
lidl-hk-smart-home,action.devices.types.SWITCH,4
lidl-hk-smart-home,action.devices.types.VACUUM,1
lidl-hk-smart-home,action.devices.types.THERMOSTAT,1
linkplus-life,action.devices.types.CAMERA,1
linkplus-life,action.devices.types.SWITCH,1
linkplus-life,action.devices.types.THERMOSTAT,1
lis-smart-home,action.devices.types.SWITCH,16
lis-smart-home,action.devices.types.OUTLET,3
lis-smart-home,action.devices.types.AC_UNIT,2
lis-smart-home,action.devices.types.TV,2
lis-smart-home,action.devices.types.VACUUM,1
lsc-smart-connect-d69f9,action.devices.types.SENSOR,4412
lsc-smart-connect-d69f9,action.devices.types.SWITCH,353
lsc-smart-connect-d69f9,action.devices.types.BLINDS,98
lsc-smart-connect-d69f9,action.devices.types.AC_UNIT,42
lsc-smart-connect-d69f9,action.devices.types.TV,38
lsc-smart-connect-d69f9,action.devices.types.CAMERA,36
lsc-smart-connect-d69f9,action.devices.types.CURTAIN,24
lsc-smart-connect-d69f9,action.devices.types.THERMOSTAT,21
lsc-smart-connect-d69f9,action.devices.types.HEATER,16
lsc-smart-connect-d69f9,action.devices.types.FAN,12
lsc-smart-connect-d69f9,action.devices.types.VACUUM,10
lsc-smart-connect-d69f9,action.devices.types.AIRPURIFIER,6
lsc-smart-connect-d69f9,action.devices.types.HUMIDIFIER,5
lsc-smart-connect-d69f9,action.devices.types.DOOR,4
lsc-smart-connect-d69f9,action.devices.types.SECURITYSYSTEM,4
magnum-mrc-c3eb8,action.devices.types.HEATER,2
mi-hogar-bbff2,action.devices.types.OUTLET,26
mi-hogar-bbff2,action.devices.types.SECURITYSYSTEM,16
mi-hogar-bbff2,action.devices.types.LIGHT,15
mi-hogar-bbff2,action.devices.types.CAMERA,7
mi-hogar-bbff2,action.devices.types.SENSOR,6
mi-hogar-bbff2,action.devices.types.THERMOSTAT,6
mi-hogar-bbff2,action.devices.types.CURTAIN,4
mi-hogar-bbff2,action.devices.types.TV,2
mi-hogar-bbff2,action.devices.types.AC_UNIT,2
mi-hogar-bbff2,action.devices.types.FAN,1
mirati-home-50280,action.devices.types.SWITCH,136
mirati-home-50280,action.devices.types.OUTLET,61
mirati-home-50280,action.devices.types.TV,41
mirati-home-50280,action.devices.types.AC_UNIT,13
mirati-home-50280,action.devices.types.SECURITYSYSTEM,9
mirati-home-50280,action.devices.types.FAN,2
mirati-home-50280,action.devices.types.CAMERA,1
mirati-home-50280,action.devices.types.VACUUM,1
momax-smart-dbb01,action.devices.types.OUTLET,84
momax-smart-dbb01,action.devices.types.DEHUMIDIFIER,71
momax-smart-dbb01,action.devices.types.FAN,34
momax-smart-dbb01,action.devices.types.TV,20
momax-smart-dbb01,action.devices.types.VACUUM,16
momax-smart-dbb01,action.devices.types.AC_UNIT,16
momax-smart-dbb01,action.devices.types.AIRPURIFIER,8
momax-smart-dbb01,action.devices.types.HUMIDIFIER,5
momax-smart-dbb01,action.devices.types.BLINDS,4
momax-smart-dbb01,action.devices.types.CAMERA,4
multi-home-eff48,action.devices.types.OUTLET,5
multilaser-liv-721eb,action.devices.types.VACUUM,1
multilaser-liv-721eb,action.devices.types.CAMERA,1
muvit-io-home-94c79,action.devices.types.LIGHT,4243
muvit-io-home-94c79,action.devices.types.SWITCH,33
muvit-io-home-94c79,action.devices.types.CAMERA,4
muvit-io-home-94c79,action.devices.types.TV,2
muvit-io-home-94c79,action.devices.types.AC_UNIT,2
muvit-io-home-94c79,action.devices.types.FAN,2
muvit-io-home-94c79,action.devices.types.VACUUM,1
nedis-smartlife-2670f,action.devices.types.BLINDS,641
nedis-smartlife-2670f,action.devices.types.TV,381
nedis-smartlife-2670f,action.devices.types.SENSOR,261
nedis-smartlife-2670f,action.devices.types.FAN,260
nedis-smartlife-2670f,action.devices.types.VACUUM,41
nedis-smartlife-2670f,action.devices.types.HEATER,33
nedis-smartlife-2670f,action.devices.types.CAMERA,30
nedis-smartlife-2670f,action.devices.types.CURTAIN,26
nedis-smartlife-2670f,action.devices.types.AIRPURIFIER,7
nedis-smartlife-2670f,action.devices.types.DOOR,6
nedis-smartlife-2670f,action.devices.types.SECURITYSYSTEM,3
nedis-smartlife-2670f,action.devices.types.HUMIDIFIER,2
nexxt-solutions-home,action.devices.types.HEATER,17
nexxt-solutions-home,action.devices.types.CURTAIN,13
nexxt-solutions-home,action.devices.types.AC_UNIT,8
nexxt-solutions-home,action.devices.types.TV,6
nexxt-solutions-home,action.devices.types.THERMOSTAT,6
nexxt-solutions-home,action.devices.types.FAN,3
nexxt-solutions-home,action.devices.types.SECURITYSYSTEM,2
nexxt-solutions-home,action.devices.types.SENSOR,1
nexxt-solutions-home,action.devices.types.HUMIDIFIER,1
open-steren-home,action.devices.types.LIGHT,4208
open-steren-home,action.devices.types.SWITCH,2097
open-steren-home,action.devices.types.TV,764
open-steren-home,action.devices.types.AC_UNIT,231
open-steren-home,action.devices.types.FAN,72
open-steren-home,action.devices.types.SENSOR,24
open-steren-home,action.devices.types.CAMERA,22
open-steren-home,action.devices.types.AIRPURIFIER,12
open-steren-home,action.devices.types.VACUUM,2
open-steren-home,action.devices.types.CURTAIN,2
open-steren-home,action.devices.types.DOOR,1
open-steren-home,action.devices.types.SECURITYSYSTEM,1
orbegozo-app-ea0be,action.devices.types.HEATER,8
perfect-choice-f835c,action.devices.types.OUTLET,36
perfect-choice-f835c,action.devices.types.TV,9
perfect-choice-f835c,action.devices.types.CAMERA,4
perfect-choice-f835c,action.devices.types.SWITCH,3
perfect-choice-f835c,action.devices.types.AC_UNIT,2
perfect-choice-f835c,action.devices.types.FAN,1
phlipton-smart-home,action.devices.types.LIGHT,10
phlipton-smart-home,action.devices.types.SENSOR,3
phlipton-smart-home,action.devices.types.SECURITYSYSTEM,2
phlipton-smart-home,action.devices.types.TV,1
phlipton-smart-home,action.devices.types.FAN,1
phlipton-smart-home,action.devices.types.AC_UNIT,1
plusminus-d1248,action.devices.types.SWITCH,660
plusminus-d1248,action.devices.types.CAMERA,35
plusminus-d1248,action.devices.types.AC_UNIT,32
plusminus-d1248,action.devices.types.SENSOR,3
plusminus-d1248,action.devices.types.TV,3
plusminus-d1248,action.devices.types.VACUUM,2
plusminus-d1248,action.devices.types.FAN,2
plusminus-d1248,action.devices.types.BLINDS,1
plusminus-d1248,action.devices.types.HUMIDIFIER,1
plusminus-d1248,action.devices.types.THERMOSTAT,1
plusminus-d1248,action.devices.types.AIRPURIFIER,1
qnect-home-d398b,action.devices.types.CAMERA,94
qnect-home-d398b,action.devices.types.SENSOR,4
qnect-home-d398b,action.devices.types.TV,2
qnect-home-d398b,action.devices.types.VACUUM,2
qnect-home-d398b,action.devices.types.BLINDS,1
sanse-smart-ca240,action.devices.types.CAMERA,8
sanse-smart-ca240,action.devices.types.BLINDS,5
sanse-smart-ca240,action.devices.types.SECURITYSYSTEM,5
sanse-smart-ca240,action.devices.types.AC_UNIT,4
sanse-smart-ca240,action.devices.types.TV,1
sansui-c90db,action.devices.types.AC_UNIT,1
saunalogic-control,action.devices.types.THERMOSTAT,11
saunalogic-control,action.devices.types.LIGHT,8
saunalogic-control,action.devices.types.OUTLET,6
saunalogic-control,action.devices.types.SENSOR,2
smart-intec-832fe,action.devices.types.FAN,12
smart-intec-832fe,action.devices.types.SWITCH,1
smart-me-e4cb8,action.devices.types.OUTLET,80
smart-me-e4cb8,action.devices.types.SWITCH,5
smart-me-e4cb8,action.devices.types.SENSOR,3
smart-me-e4cb8,action.devices.types.CAMERA,2
smart-me-e4cb8,action.devices.types.SECURITYSYSTEM,2
smart-me-e4cb8,action.devices.types.FAN,1
smart-me-e4cb8,action.devices.types.BLINDS,1
smart-me-e4cb8,action.devices.types.AC_UNIT,1
smarteck-c2132,action.devices.types.LIGHT,1
smartklicaction,action.devices.types.TV,14
smartklicaction,action.devices.types.SWITCH,11
smartklicaction,action.devices.types.AC_UNIT,10
smartklicaction,action.devices.types.CAMERA,4
smartklicaction,action.devices.types.SENSOR,2
smartklicaction,action.devices.types.FAN,1
smartklicaction,action.devices.types.THERMOSTAT,1
smartknight-86943,action.devices.types.CAMERA,2
smartknight-86943,action.devices.types.SWITCH,1
smartknight-86943,action.devices.types.AC_UNIT,1
smartpoint-home-9f74d,action.devices.types.TV,450
smartpoint-home-9f74d,action.devices.types.SWITCH,140
smartpoint-home-9f74d,action.devices.types.AC_UNIT,69
smartpoint-home-9f74d,action.devices.types.FAN,23
smartpoint-home-9f74d,action.devices.types.CAMERA,23
smartpoint-home-9f74d,action.devices.types.SENSOR,1
smrtlite-20264,action.devices.types.SWITCH,220
smrtlite-20264,action.devices.types.TV,20
smrtlite-20264,action.devices.types.CAMERA,17
smrtlite-20264,action.devices.types.AC_UNIT,16
smrtlite-20264,action.devices.types.SENSOR,14
smrtlite-20264,action.devices.types.FAN,8
smrtlite-20264,action.devices.types.CURTAIN,6
smrtlite-20264,action.devices.types.THERMOSTAT,6
smrtlite-20264,action.devices.types.BLINDS,5
smrtlite-20264,action.devices.types.HEATER,2
smrtlite-20264,action.devices.types.VACUUM,1
smrtlite-20264,action.devices.types.DOOR,1
spc-iot,action.devices.types.TV,25
spc-iot,action.devices.types.CAMERA,25
spc-iot,action.devices.types.SENSOR,14
spc-iot,action.devices.types.HUMIDIFIER,10
spc-iot,action.devices.types.AC_UNIT,9
spc-iot,action.devices.types.SWITCH,7
spc-iot,action.devices.types.CURTAIN,6
spc-iot,action.devices.types.AIRPURIFIER,4
spc-iot,action.devices.types.THERMOSTAT,2
spc-iot,action.devices.types.BLINDS,1
spc-iot,action.devices.types.SECURITYSYSTEM,1
spectrum-smart-931a1,action.devices.types.THERMOSTAT,4
spectrum-smart-931a1,action.devices.types.FAN,2
spectrum-smart-931a1,action.devices.types.BLINDS,2
spectrum-smart-931a1,action.devices.types.AIRPURIFIER,2
supacell-smart-wifi-21cd2,action.devices.types.OUTLET,48
supacell-smart-wifi-21cd2,action.devices.types.CAMERA,1
supacell-smart-wifi-21cd2,action.devices.types.VACUUM,1
supacell-smart-wifi-21cd2,action.devices.types.THERMOSTAT,1
swisstone-sh-c5ab4,action.devices.types.SENSOR,2
sylvania-smart-home,action.devices.types.OUTLET,2
techzone-1839a,action.devices.types.OUTLET,2513
techzone-1839a,action.devices.types.LIGHT,1518
techzone-1839a,action.devices.types.CAMERA,84
techzone-1839a,action.devices.types.TV,79
techzone-1839a,action.devices.types.AC_UNIT,46
techzone-1839a,action.devices.types.BLINDS,46
techzone-1839a,action.devices.types.SENSOR,43
techzone-1839a,action.devices.types.THERMOSTAT,35
techzone-1839a,action.devices.types.FAN,18
techzone-1839a,action.devices.types.CURTAIN,13
techzone-1839a,action.devices.types.VACUUM,13
techzone-1839a,action.devices.types.AIRPURIFIER,10
techzone-1839a,action.devices.types.HEATER,7
techzone-1839a,action.devices.types.HUMIDIFIER,4
techzone-1839a,action.devices.types.DOOR,2
techzone-1839a,action.devices.types.SECURITYSYSTEM,2
techzone-1839a,action.devices.types.DEHUMIDIFIER,1
teckin-426ea,action.devices.types.SWITCH,121
tecnolite-connect-action,action.devices.types.SWITCH,5
tecnolite-connect-action,action.devices.types.CAMERA,3
tuya-direct-action-kdm,action.devices.types.TV,49800
tuya-direct-action-kdm,action.devices.types.SENSOR,35023
tuya-direct-action-kdm,action.devices.types.CURTAIN,28406
tuya-direct-action-kdm,action.devices.types.DOOR,6242
tuya-direct-action-kdm,action.devices.types.SECURITYSYSTEM,4421
tuya-direct-action-kdm,action.devices.types.HUMIDIFIER,2186
tuya-direct-action-kdm,action.devices.types.DEHUMIDIFIER,187
tuya-direct-action-kdm,action.devices.types.PETFEEDER,47
tuya-direct-action-kdm,action.devices.types.KETTLE,29
tuya-direct-action-kdm,action.devices.types.LOCK,24
tuya-direct-action-kdm,action.devices.types.COFFEE_MAKER,22
tuya-direct-action-kdm,action.devices.types.VALVE,12
tuya-direct-action-kdm,action.devices.types.OVEN,11
tuya-direct-action-kdm,action.devices.types.WATERHEATER,9
tuya-smart-cee31,action.devices.types.TV,17179
tuya-smart-cee31,action.devices.types.SENSOR,11990
tuya-smart-cee31,action.devices.types.AC_UNIT,11611
tuya-smart-cee31,action.devices.types.CAMERA,8449
tuya-smart-cee31,action.devices.types.CURTAIN,3118
tuya-smart-cee31,action.devices.types.SECURITYSYSTEM,2768
tuya-smart-cee31,action.devices.types.DOOR,1631
tuya-smart-cee31,action.devices.types.HUMIDIFIER,1206
tuya-smart-cee31,action.devices.types.DEHUMIDIFIER,259
tuya-smart-cee31,action.devices.types.LOCK,21
tuya-smart-cee31,action.devices.types.VALVE,11
tuya-smart-cee31,action.devices.types.KETTLE,9
tuya-smart-cee31,action.devices.types.PETFEEDER,2
tuya-smart-cee31,action.devices.types.WATERHEATER,2
tuya-smart-cee31,action.devices.types.OVEN,1
tuya-smart-cee31,action.devices.types.COFFEE_MAKER,1
tuya-smart-cee31,action.devices.types.SMOKE_DETECTOR,1
tzumi-smart-f6d1d,action.devices.types.LIGHT,4
u-smart-15541,action.devices.types.THERMOSTAT,4
u-smart-15541,action.devices.types.SENSOR,4
u-smart-15541,action.devices.types.CAMERA,3
u-smart-15541,action.devices.types.DOOR,1
u-smart-15541,action.devices.types.TV,1
ubiquilux-smart-switch,action.devices.types.OUTLET,12
ultrabrite-smart,action.devices.types.TV,1
ultrabrite-smart,action.devices.types.SWITCH,1
ultrabrite-smart,action.devices.types.AC_UNIT,1
vibe-lite-ec9a0,action.devices.types.SWITCH,6
vibe-lite-ec9a0,action.devices.types.FAN,1
walton-smart-appliances-676ec,action.devices.types.AC_UNIT,51
warmme-7a550,action.devices.types.HEATER,33
warmme-7a550,action.devices.types.LIGHT,6
warmme-7a550,action.devices.types.AC_UNIT,2
wbm-smart-6d354,action.devices.types.OUTLET,1
westek-42aeb,action.devices.types.OUTLET,16
wiser-by-se-c7c29,action.devices.types.CURTAIN,188
wiser-by-se-c7c29,action.devices.types.AC_UNIT,60
wiser-by-se-c7c29,action.devices.types.OUTLET,47
wiser-by-se-c7c29,action.devices.types.BLINDS,41
wiser-by-se-c7c29,action.devices.types.TV,22
wiser-by-se-c7c29,action.devices.types.SENSOR,9
wiser-by-se-c7c29,action.devices.types.FAN,8
wiser-by-se-c7c29,action.devices.types.CAMERA,1
wiser-by-se-c7c29,action.devices.types.AIRPURIFIER,1
woods-connect,action.devices.types.OUTLET,13
woods-connect,action.devices.types.LIGHT,7
woods-connect,action.devices.types.CAMERA,4
woods-connect,action.devices.types.SENSOR,1
woods-connect,action.devices.types.THERMOSTAT,1
woods-connect,action.devices.types.AIRPURIFIER,1
woods-connect,action.devices.types.FAN,1
woow-home,action.devices.types.SWITCH,13
woow-home,action.devices.types.SECURITYSYSTEM,5
woow-home,action.devices.types.TV,4
woow-home,action.devices.types.CAMERA,4
woow-home,action.devices.types.SENSOR,3
woow-home,action.devices.types.AC_UNIT,3
woow-home,action.devices.types.FAN,2
woow-home,action.devices.types.BLINDS,2
woow-home,action.devices.types.HUMIDIFIER,2
xaralyn-1b437,action.devices.types.HEATER,1
xmcosy-c1d81,action.devices.types.OUTLET,2
zeb-home-44faa,action.devices.types.LIGHT,1
zoook-smart,action.devices.types.TV,19
zoook-smart,action.devices.types.AC_UNIT,12
zoook-smart,action.devices.types.SWITCH,6
zoook-smart,action.devices.types.FAN,1
zsmart-86435,action.devices.types.SWITCH,8
zsmart-86435,action.devices.types.SECURITYSYSTEM,4
zsmart-86435,action.devices.types.CAMERA,3
zsmart-86435,action.devices.types.TV,2
zsmart-86435,action.devices.types.AC_UNIT,1
